-- MySQL dump 10.13  Distrib 8.0.36, for Win64 (x86_64)
--
-- Host: localhost    Database: batch_11
-- ------------------------------------------------------
-- Server version	5.5.5-10.4.27-MariaDB

/*!40101 SET @OLD_CHARACTER_SET_CLIENT=@@CHARACTER_SET_CLIENT */;
/*!40101 SET @OLD_CHARACTER_SET_RESULTS=@@CHARACTER_SET_RESULTS */;
/*!40101 SET @OLD_COLLATION_CONNECTION=@@COLLATION_CONNECTION */;
/*!50503 SET NAMES utf8 */;
/*!40103 SET @OLD_TIME_ZONE=@@TIME_ZONE */;
/*!40103 SET TIME_ZONE='+00:00' */;
/*!40014 SET @OLD_UNIQUE_CHECKS=@@UNIQUE_CHECKS, UNIQUE_CHECKS=0 */;
/*!40014 SET @OLD_FOREIGN_KEY_CHECKS=@@FOREIGN_KEY_CHECKS, FOREIGN_KEY_CHECKS=0 */;
/*!40101 SET @OLD_SQL_MODE=@@SQL_MODE, SQL_MODE='NO_AUTO_VALUE_ON_ZERO' */;
/*!40111 SET @OLD_SQL_NOTES=@@SQL_NOTES, SQL_NOTES=0 */;

--
-- Table structure for table `enrollments`
--

DROP TABLE IF EXISTS `enrollments`;
/*!40101 SET @saved_cs_client     = @@character_set_client */;
/*!50503 SET character_set_client = utf8mb4 */;
CREATE TABLE `enrollments` (
  `st_id` int(11) NOT NULL,
  `sub_id` int(11) NOT NULL,
  `date` varchar(45) DEFAULT NULL,
  PRIMARY KEY (`st_id`,`sub_id`),
  KEY `fk_subject_idx` (`sub_id`),
  CONSTRAINT `fk_student` FOREIGN KEY (`st_id`) REFERENCES `students` (`id`),
  CONSTRAINT `fk_subject` FOREIGN KEY (`sub_id`) REFERENCES `subjects` (`id`)
) ENGINE=InnoDB DEFAULT CHARSET=utf8mb4 COLLATE=utf8mb4_general_ci;
/*!40101 SET character_set_client = @saved_cs_client */;

--
-- Dumping data for table `enrollments`
--

LOCK TABLES `enrollments` WRITE;
/*!40000 ALTER TABLE `enrollments` DISABLE KEYS */;
INSERT INTO `enrollments` VALUES (1,1,'2024'),(1,3,'2024'),(1,5,'2024'),(2,1,'2024'),(2,2,'2024'),(2,3,'2024'),(3,2,'2024'),(3,3,'2024'),(3,5,'2024');
/*!40000 ALTER TABLE `enrollments` ENABLE KEYS */;
UNLOCK TABLES;

--
-- Table structure for table `students`
--

DROP TABLE IF EXISTS `students`;
/*!40101 SET @saved_cs_client     = @@character_set_client */;
/*!50503 SET character_set_client = utf8mb4 */;
CREATE TABLE `students` (
  `id` int(11) NOT NULL,
  `name` varchar(45) DEFAULT NULL,
  `dateOfBirth` varchar(45) DEFAULT NULL,
  PRIMARY KEY (`id`)
) ENGINE=InnoDB DEFAULT CHARSET=utf8mb4 COLLATE=utf8mb4_general_ci;
/*!40101 SET character_set_client = @saved_cs_client */;

--
-- Dumping data for table `students`
--

LOCK TABLES `students` WRITE;
/*!40000 ALTER TABLE `students` DISABLE KEYS */;
INSERT INTO `students` VALUES (1,'Lewis Hamilton','1985'),(2,'Max Verstapann','1997'),(3,'Lando Norris','1999'),(4,'George Russel','1998');
/*!40000 ALTER TABLE `students` ENABLE KEYS */;
UNLOCK TABLES;

--
-- Table structure for table `subjects`
--

DROP TABLE IF EXISTS `subjects`;
/*!40101 SET @saved_cs_client     = @@character_set_client */;
/*!50503 SET character_set_client = utf8mb4 */;
CREATE TABLE `subjects` (
  `id` int(11) NOT NULL,
  `name` varchar(45) DEFAULT NULL,
  PRIMARY KEY (`id`)
) ENGINE=InnoDB DEFAULT CHARSET=utf8mb4 COLLATE=utf8mb4_general_ci;
/*!40101 SET character_set_client = @saved_cs_client */;

--
-- Dumping data for table `subjects`
--

LOCK TABLES `subjects` WRITE;
/*!40000 ALTER TABLE `subjects` DISABLE KEYS */;
INSERT INTO `subjects` VALUES (1,'Software Engineering'),(2,'Network Engineering'),(3,'Database Management'),(4,'Business Studies'),(5,'Cloud computing');
/*!40000 ALTER TABLE `subjects` ENABLE KEYS */;
UNLOCK TABLES;
/*!40103 SET TIME_ZONE=@OLD_TIME_ZONE */;

/*!40101 SET SQL_MODE=@OLD_SQL_MODE */;
/*!40014 SET FOREIGN_KEY_CHECKS=@OLD_FOREIGN_KEY_CHECKS */;
/*!40014 SET UNIQUE_CHECKS=@OLD_UNIQUE_CHECKS */;
/*!40101 SET CHARACTER_SET_CLIENT=@OLD_CHARACTER_SET_CLIENT */;
/*!40101 SET CHARACTER_SET_RESULTS=@OLD_CHARACTER_SET_RESULTS */;
/*!40101 SET COLLATION_CONNECTION=@OLD_COLLATION_CONNECTION */;
/*!40111 SET SQL_NOTES=@OLD_SQL_NOTES */;

-- Dump completed on 2024-07-14 16:11:24
